,id,source_wsi,dataset,fold
0,0006ff2aa7cd,2,2,0.0
1,00168d1b7522,2,2,0.0
2,0033bbc76b6b,1,1,0.0
3,003504460b3a,3,2,0.0
4,004daf1cbe75,3,2,0.0
5,005715f0a313,3,2,0.0
6,00654cc08aac,2,2,0.0
7,00656c6f2690,1,1,0.0
8,0067d5ad2250,2,1,0.0
9,00ca2f4c8918,3,2,0.0
10,00d75ad65de3,1,1,0.0
11,00da70813521,1,1,0.0
12,00da8fdf2391,4,2,0.0
13,00f560a6a72b,3,2,0.0
14,014b60dfe193,4,2,0.0
15,016c33dacfa1,2,2,0.0
16,019390572feb,4,2,0.0
17,01a7fca6263b,1,2,0.0
18,025ec20b8b73,1,2,0.0
19,0276eb166cce,2,2,0.0
20,02cf5c2db152,3,2,0.0
21,02d2022943a4,3,2,0.0
22,02f563532696,1,2,0.0
23,033a656390b2,1,2,0.0
24,033e91059cec,4,2,0.0
25,03d335057db3,1,2,0.0
26,041588f936e1,3,2,0.0
27,041ad8166762,3,2,0.0
28,041b985201d6,2,2,0.0
29,0478279e6e16,2,2,0.0
30,04c08080b2ae,1,2,0.0
31,04eaacfbb9f6,4,2,0.0
32,055348e2fece,4,2,0.0
33,0596bfb19322,1,1,0.0
34,05dd21a61705,4,2,0.0
35,06034408218a,1,1,0.0
36,065ed4490163,3,2,0.0
37,0667203ecaac,3,2,0.0
38,0672b96aaccc,1,2,0.0
39,06b972c417e7,2,1,0.0
40,0717863ca2cb,2,2,0.0
41,07199abc71ec,4,2,0.0
42,072f5307f243,1,1,0.0
43,0754412b2917,2,1,0.0
44,0765f249adeb,2,2,0.0
45,0788fc3be62e,1,1,0.0
46,07b809228ef4,1,2,0.0
47,07bdbe578ded,2,1,0.0
48,0804072fa02a,3,2,0.0
49,0828cc1c22be,1,2,0.0
50,0870e4f9d580,2,2,0.0
51,089a9e6be240,1,1,0.0
52,08a1b468620a,4,2,0.0
53,08e2fa7b08f0,4,2,0.0
54,08ea167cfd5d,4,2,0.0
55,08ed99cd1c93,3,2,0.0
56,093a52e9bc1d,1,1,0.0
57,09644decc895,3,2,0.0
58,097dd2ed6c14,2,1,0.0
59,09c06b79292c,3,2,0.0
60,09d736c55365,3,2,0.0
61,09df7e1fe1cc,3,2,0.0
62,09e1916da449,1,2,0.0
63,09e3d02dfd1c,4,2,0.0
64,0a10b8716b30,1,1,0.0
65,0a152cf103e4,2,2,0.0
66,0a1d277fb473,3,2,0.0
67,0a43459733e7,2,1,0.0
68,0a4ddecc55f0,4,2,0.0
69,0a5be90855e3,2,1,0.0
70,0a631efbc3e4,3,2,0.0
71,0a993633aa5e,1,2,0.0
72,0ab9d193fcf6,2,2,0.0
73,0acd70e887b3,2,1,0.0
74,0ae9282b7594,4,2,0.0
75,0b8029db1fb4,1,1,0.0
76,0b849dde56be,2,1,0.0
77,0b89ab7f9f07,2,1,0.0
78,0b935dd9ef6a,2,2,0.0
79,0b989fe8238f,3,2,0.0
80,0ba172f33ea6,1,2,0.0
81,0bc3e1a729e4,1,2,0.0
82,0bd23d24a875,2,2,0.0
83,0be9b14718b9,4,2,0.0
84,0c05e3861510,4,2,0.0
85,0c3086bd8efb,2,1,0.0
86,0c54942878fa,1,1,0.0
87,0c5c322a104a,2,2,0.0
88,0cb47c96bda2,3,2,0.0
89,0cc564c74306,4,2,0.0
90,0ce440ad7080,1,2,0.0
91,0cf58cc68215,4,2,0.0
92,0d1cc52aff5f,3,2,0.0
93,0d6c0cfee2db,1,1,0.0
94,0d77d32da5e2,2,2,0.0
95,0d9d65340ef8,1,1,0.0
96,0da5596bd718,2,2,0.0
97,0dcde3819c8e,2,2,0.0
98,0dce2b8d2c25,1,1,0.0
99,0def202e0a03,4,2,0.0
100,0e0836cf1824,1,1,0.0
101,0e6eeb39d8f6,2,1,0.0
102,0e8aed930dc6,1,1,0.0
103,0e9651f77684,4,2,0.0
104,0e9cea4fd861,2,2,0.0
105,0f5b52a768e2,2,1,0.0
106,0f6e1cb07f74,1,2,0.0
107,0f960d864969,3,2,0.0
108,0ff188f666c5,4,2,0.0
109,10162104cbaf,1,1,0.0
110,103906a73e6d,2,1,0.0
111,106e8a3e8dcd,4,2,0.0
112,10b4548dcb4b,2,2,0.0
113,11128ba6d78c,2,1,0.0
114,1185d302d242,2,2,0.0
115,11b7125c2fc2,2,2,0.0
116,12040bd8cd09,4,2,0.0
117,1222b4306c01,1,1,0.0
118,1226abd93cfa,3,2,0.0
119,12989675c0b5,3,2,0.0
120,1298fde375a0,2,2,0.0
121,12ab9ac0fc55,1,1,0.0
122,12d8b41d1c0e,2,2,0.0
123,12dc33d98d35,4,2,0.0
124,130d4d323ce4,1,1,0.0
125,13aa34ced90d,1,1,0.0
126,13baed208de2,2,2,0.0
127,13e70093a1f8,1,2,0.0
128,141729073269,4,2,0.0
129,1423b40ad0dc,2,1,0.0
130,14ac6b8b4ab6,4,2,0.0
131,14e64fe91f07,2,2,0.0
132,1508ea9334c0,4,2,0.0
133,151bfc87ffc9,4,2,0.0
134,15262223b967,1,2,0.0
135,15caf619db2e,2,2,0.0
136,15cb91fcaf6e,2,2,0.0
137,15d12fd18a57,2,2,0.0
138,15e5df255b86,1,1,0.0
139,15ed954c0cdf,1,1,0.0
140,160aa890cbcc,3,2,0.0
141,169bdf0e2a2b,4,2,0.0
142,16aff0aaa514,1,2,0.0
143,17339934aa76,3,2,0.0
144,1767ea05cfbc,4,2,0.0
145,17ffbd4a056f,3,2,0.0
146,1803b93469e4,4,2,0.0
147,189064c6a137,1,2,0.0
148,1893f913d64b,1,2,0.0
149,18be061202ea,1,2,0.0
150,18d2359d50eb,2,2,0.0
151,192846d46db7,1,2,0.0
152,19551df15a1e,1,1,0.0
153,19c5c6803ac1,3,2,0.0
154,19c8864ac6a0,1,2,0.0
155,19c8e14b701c,3,2,0.0
156,1a05f1dc34fc,4,2,0.0
157,1a0d5fc5d2f7,3,2,0.0
158,1a0daccec1db,1,2,0.0
159,1a4ab6091fe5,3,2,0.0
160,1a54cda8f32d,1,1,0.0
161,1a785cc0d167,1,1,0.0
162,1a91d04d00d5,3,2,0.0
163,1aeae455caeb,3,2,0.0
164,1b0f943da76c,3,2,0.0
165,1b12cccdfdd2,2,1,0.0
166,1b2122736cd7,3,2,0.0
167,1b2d34c9e9fe,4,2,0.0
168,1b410cd56dcb,2,2,0.0
169,1b5da995f08e,3,2,0.0
170,1b60cea2100c,3,2,0.0
171,1bb52a550a23,2,2,0.0
172,1bd726055ad8,1,1,0.0
173,1bd79e5bde8a,3,2,0.0
174,1c0295c1d01d,1,2,0.0
175,1c10c781495b,2,2,0.0
176,1c46f36cf55c,4,2,0.0
177,1c5c458eac1b,3,2,0.0
178,1c6c39a22324,1,1,0.0
179,1c8af4861691,1,1,0.0
180,1ca1adf074bb,3,2,0.0
181,1ca8bcb0e27f,2,2,0.0
182,1cd3632761d2,3,2,0.0
183,1cf437f790aa,4,2,0.0
184,1d8aa548c370,1,1,0.0
185,1daf55f162a1,4,2,0.0
186,1dbec7df021e,3,2,0.0
187,1de075d4ae93,3,2,0.0
188,1e0203e19805,2,2,0.0
189,1e0efbb8979f,1,1,0.0
190,1e14b9acc9b9,1,1,0.0
191,1e2fd6c2950d,2,1,0.0
192,1e3fe5b348ca,3,2,0.0
193,1ea1a75f6051,4,2,0.0
194,1ed324bad445,2,2,0.0
195,1f0d3cd4b621,1,1,0.0
196,1f5348824ad2,4,2,0.0
197,1fc1c6cc515a,1,2,0.0
198,2000408010ab,4,2,0.0
199,20113c729fe4,1,2,0.0
200,20268fc474db,3,2,0.0
201,208ec420a4f1,4,2,0.0
202,209426451a36,1,1,0.0
203,20a930a6b5e8,3,2,0.0
204,20fe34303d84,3,2,0.0
205,212788639fa5,2,2,0.0
206,212f06a4761e,3,2,0.0
207,212fc627af24,2,1,0.0
208,21317283b102,3,2,0.0
209,2136df4a5aeb,1,1,0.0
210,214866956ea3,1,1,0.0
211,21acb908cf67,1,1,0.0
212,21e0f12ec94b,4,2,0.0
213,221d0ca25207,3,2,0.0
214,228da07bf8d9,1,2,0.0
215,2296c77d5059,2,2,0.0
216,22a8a59ba8a8,3,2,0.0
217,22db9740ba20,4,2,0.0
218,231651227a64,3,2,0.0
219,2320eefd8bec,2,1,0.0
220,2321d0fb53f7,1,1,0.0
221,2376fd40a260,3,2,0.0
222,23c30a541c7a,1,2,0.0
223,23c98917da69,1,2,0.0
224,23d7fcc83332,1,2,0.0
225,2405b58d5b61,1,1,0.0
226,2419482dc6e5,4,2,0.0
227,242db333c452,1,2,0.0
228,243169fcefaf,4,2,0.0
229,244711bad1bd,1,2,0.0
230,249782ea4423,3,2,0.0
231,24bc5d5889b4,2,2,0.0
232,2519a0f1b867,1,1,0.0
233,257c077f001a,1,1,0.0
234,25b98e7aea78,1,1,0.0
235,25d77fffd5a9,2,2,0.0
236,2673eb939bf8,3,2,0.0
237,26abe884958b,2,1,0.0
238,26b7c381eb73,1,1,0.0
239,26c4a12c5a87,2,2,0.0
240,26eb634b5933,4,2,0.0
241,270f0c7b0901,1,2,0.0
242,274aa4b29a70,2,1,0.0
243,27661a87f456,2,1,0.0
244,2798a3698885,1,2,0.0
245,27ac6c438f3b,1,1,0.0
246,283a63bdeedf,4,2,0.0
247,2848258b5205,2,2,0.0
248,28beee9249bd,3,2,0.0
249,28d971fddf99,2,2,0.0
250,29a3a48d6fee,4,2,0.0
251,29d2f472e46d,1,2,0.0
252,29f24fccc57f,2,2,0.0
253,2a127f0ae506,2,1,0.0
254,2a3f4829cc7a,4,2,0.0
255,2a4cc81cc5d6,2,1,0.0
256,2a577425c773,1,1,0.0
257,2a9e6a294e2b,2,1,0.0
258,2aaf9e8db9d8,3,2,0.0
259,2ac4cfbb7405,1,2,0.0
260,2ad1b19b87df,2,1,0.0
261,2af2792c8e0c,3,2,0.0
262,2af27d65509c,1,1,0.0
263,2b1cf5bbc9ea,4,2,0.0
264,2b7c5682bb5c,2,2,0.0
265,2bb6adc62561,4,2,0.0
266,2be23bada1e8,2,2,0.0
267,2befa0c506b5,2,2,0.0
268,2bf7751456cd,1,1,0.0
269,2c369bf03bd4,1,2,0.0
270,2c5bd755f831,2,1,0.0
271,2c6d2cc31d81,2,1,0.0
272,2c735ec7ce1c,4,2,0.0
273,2cad7b97ea7e,4,2,0.0
274,2cb88bf3ed30,4,2,0.0
275,2d0c1b760913,1,1,0.0
276,2d2093e38e39,1,2,0.0
277,2d232dbe41bb,2,2,0.0
278,2d5459d56621,3,2,0.0
279,2d882504c2ea,1,2,0.0
280,2d97cd20538a,3,2,0.0
281,2daadbc3fe2d,2,2,0.0
282,2daf04a8f13b,2,2,0.0
283,2dbb4700f7be,1,1,0.0
284,2e00a0fe807c,4,2,0.0
285,2e02a3e00059,3,2,0.0
286,2e0c92f0c9df,1,2,0.0
287,2e3a658a8c8e,3,2,0.0
288,2e51dff130b7,2,2,0.0
289,2e7951162645,4,2,1.0
290,2eb70ab73fa9,4,2,1.0
291,2f7fe5d89a6f,3,2,0.0
292,2f9a34bfa69f,2,2,0.0
293,2fa13b04e7c2,4,2,1.0
294,2fd7649afbc1,1,1,0.0
295,2feddbc54e20,2,1,0.0
296,2ff87855e80d,3,2,0.0
297,303b72a38e29,1,1,0.0
298,3067de360996,2,2,0.0
299,3088c3e5378e,2,1,0.0
300,30ad648e36a2,1,2,0.0
301,30e626fa6fc4,2,2,0.0
302,30eb9abf4a94,1,2,0.0
303,31195284c86e,1,1,0.0
304,312bb1ba445f,2,2,0.0
305,314a25a7f92d,1,2,0.0
306,314f2d4952e3,3,2,0.0
307,31672f6050b5,1,2,0.0
308,319c978054dd,4,2,1.0
309,31aa6f45078f,2,2,0.0
310,31c233373597,3,2,0.0
311,31d82ba28004,4,2,1.0
312,326c9663d95d,1,2,0.0
313,327dcb16a7ef,2,1,0.0
314,328a651a4ca7,1,2,0.0
315,328aaa428f2e,3,2,0.0
316,329d9bc6f0f8,1,2,0.0
317,32cc36ae2619,2,2,0.0
318,32cf613e3c11,2,1,1.0
319,32d912178fdd,1,1,1.0
320,32e007559fb4,2,1,1.0
321,32eea8d3298b,3,2,0.0
322,331c34551d3d,2,1,1.0
323,3324837c08b8,3,2,0.0
324,332c79b9590b,3,2,0.0
325,33361307e751,4,2,1.0
326,333c1d618ae3,1,1,1.0
327,3378fe495259,2,1,1.0
328,3382edde0a6c,1,1,1.0
329,338721d693ac,3,2,0.0
330,3395ffa824a2,2,2,1.0
331,3398c337fe7a,1,2,1.0
332,33c05bdf4f71,3,2,0.0
333,33d56ea8889f,1,2,1.0
334,340bb2293001,3,2,0.0
335,340bbab914db,1,2,1.0
336,349a6a8fc66e,1,1,1.0
337,34bfda589476,1,1,1.0
338,34e360d17e59,4,2,1.0
339,352777709276,1,1,1.0
340,352c7fdfb717,1,1,1.0
341,35316cc71696,4,2,1.0
342,3576fc5288a3,1,2,1.0
343,359bb86fa14f,1,1,1.0
344,359e48cf2d99,2,2,1.0
345,361770209b1b,3,2,0.0
346,36780dbd27dc,3,2,0.0
347,368660921c18,2,2,1.0
348,36be7dacbabf,1,2,1.0
349,36e4e18ef901,3,2,0.0
350,37073efe3610,3,2,0.0
351,377d58465c28,2,2,1.0
352,3780b2400433,2,2,1.0
353,37cac808f375,1,1,1.0
354,37d83138ba37,2,2,1.0
355,37ef7e9b8bbb,3,2,0.0
356,3857131da21c,1,2,1.0
357,3861cad5b837,2,2,1.0
358,38699460e609,2,2,1.0
359,38738b2f9b55,3,2,0.0
360,3879b8c84baf,2,1,1.0
361,38ab48356c82,4,2,1.0
362,38ff92c9ae72,1,2,1.0
363,3901bf683fc0,1,1,1.0
364,390e794fe0df,2,2,1.0
365,391e9699357a,1,2,1.0
366,3936393ac567,3,2,0.0
367,394b6b4f803d,3,2,0.0
368,3962d1284da9,4,2,1.0
369,3979a8db69bc,4,2,1.0
370,39b0fb1f8856,3,2,1.0
371,39b8aafd630b,1,1,1.0
372,3a05f1672151,3,2,1.0
373,3a315d3acff2,3,2,1.0
374,3a486b0a7574,2,2,1.0
375,3a6612dd0d76,4,2,1.0
376,3a884b41a4b8,3,2,1.0
377,3a93b29c72f2,3,2,1.0
378,3ad39977853e,3,2,1.0
379,3ad70040eeeb,2,2,1.0
380,3b063b88e36d,2,2,1.0
381,3b0d08f3e37a,4,2,1.0
382,3b1127f5e4d4,4,2,1.0
383,3b523d3117e2,1,1,1.0
384,3b796c86f2ef,3,2,1.0
385,3b83d7668181,1,1,1.0
386,3b8d1919d08e,1,2,1.0
387,3c18fbcff68b,1,1,1.0
388,3c232223b2d0,1,1,1.0
389,3c3796ee0923,1,2,1.0
390,3c3b2d9fe661,3,2,1.0
391,3c43eee40b44,3,2,1.0
392,3c4933d10f09,2,2,1.0
393,3c70f2cc54fc,3,2,1.0
394,3c72922e02f4,1,1,1.0
395,3c9609fefe07,1,2,1.0
396,3ca3b1b0db63,1,2,1.0
397,3ca506a3f4bb,4,2,1.0
398,3cef6d0627a8,3,2,1.0
399,3cf35a0393b8,1,1,1.0
400,3d5f53402137,1,1,1.0
401,3d70eefd9d3b,2,2,1.0
402,3db8c9dbf20f,4,2,1.0
403,3dbff16df8b4,3,2,1.0
404,3de83b01dfad,3,2,1.0
405,3dee55fb6fcc,4,2,1.0
406,3e01bb974a1b,2,1,1.0
407,3e0679dff9d8,2,2,1.0
408,3e16b3b411c2,4,2,1.0
409,3e248be7dd4c,1,1,1.0
410,3e28a157a06d,3,2,1.0
411,3e38a14cb10f,4,2,1.0
412,3e55b753ea46,4,2,1.0
413,3e70fafdbe3e,3,2,1.0
414,3e794841f2da,3,2,1.0
415,3e7e6fa84e33,2,1,1.0
416,3eb6c82b1668,3,2,1.0
417,3ef209155cec,3,2,1.0
418,3ef978f2c262,4,2,1.0
419,3f244baf9da8,2,2,1.0
420,3f4f881abe88,1,2,1.0
421,3fa3016e2bc5,1,1,1.0
422,3fc432760114,2,2,1.0
423,4021872b194c,1,2,1.0
424,409a7a2dafd0,1,2,1.0
425,40a486ebdb5a,3,2,1.0
426,40ac7a9fc203,1,1,1.0
427,40f2457d3efe,4,2,1.0
428,41037059e4d9,3,2,1.0
429,41146970649b,1,2,1.0
430,41225437e33e,1,1,1.0
431,4136fc8d534c,3,2,1.0
432,413fa0675bdf,2,2,1.0
433,4142122db8e4,3,2,1.0
434,41493100d434,1,2,1.0
435,415a900f7a89,1,2,1.0
436,41c6e0692ca1,2,2,1.0
437,42ff76db84c1,3,2,1.0
438,43362b7daae9,4,2,1.0
439,434f29f2d00a,4,2,1.0
440,4399be208888,1,2,1.0
441,43b2fa33ac05,3,2,1.0
442,43b4654b4c3d,1,1,1.0
443,43ba93d8284d,3,2,1.0
444,43c6095181fd,2,1,1.0
445,440b33550916,4,2,1.0
446,44185039dc85,2,2,1.0
447,4499a0dc7101,2,1,1.0
448,44b7efeac370,3,2,1.0
449,44b8b0eaa3b2,1,1,1.0
450,44c66d51c40e,2,1,1.0
451,4512152d05d2,3,2,1.0
452,453ffb49c67f,4,2,1.0
453,454cf72a9ed9,1,1,1.0
454,458a92eda7b4,1,1,1.0
455,45938c92d178,3,2,1.0
456,45d42de2cb89,3,2,1.0
457,45d6f53ececf,1,1,1.0
458,45e1f0b13e32,4,2,1.0
459,462d5da043a5,1,2,1.0
460,465022519f3f,2,1,1.0
461,46878443d6d9,2,2,1.0
462,46a58335b3c8,4,2,1.0
463,46cbbc7f863b,3,2,1.0
464,470b0acaed83,3,2,1.0
465,47536b25b615,2,1,1.0
466,478edfd9acf9,3,2,1.0
467,47c4970bf049,2,1,1.0
468,47cb7f4ec51f,3,2,1.0
469,481234519879,1,1,1.0
470,484301f61207,1,1,1.0
471,484656371e88,2,1,1.0
472,4855a3af740e,3,2,1.0
473,4865588b8b4c,2,1,1.0
474,48f802f35207,4,2,1.0
475,495169bbaa46,1,1,1.0
476,4960cdc6a274,3,2,1.0
477,497e8129e4bc,4,2,1.0
478,4995f7836ec4,1,2,1.0
479,49a730e87f9c,4,2,1.0
480,49f0a316892f,3,2,1.0
481,4a06a2773c1d,2,2,1.0
482,4a1b99c7ab16,1,1,1.0
483,4a1cb762731f,3,2,1.0
484,4a204e96d413,2,2,1.0
485,4a4820ef318c,3,2,1.0
486,4a706ac6405a,2,2,1.0
487,4a8a791a23cb,1,1,1.0
488,4aa434181421,2,2,1.0
489,4abba3bf65bb,4,2,1.0
490,4ad4c41ecad6,3,2,1.0
491,4b197545ea0e,1,1,1.0
492,4b71f2e1d1ba,2,1,1.0
493,4b94404d2e6c,1,2,1.0
494,4ba838cffa29,1,2,1.0
495,4ba8d55f7acb,2,1,1.0
496,4bd662327ca6,4,2,1.0
497,4bdc0ba604d8,2,2,1.0
498,4c058755d597,1,2,1.0
499,4c1361e4c2d8,1,1,1.0
500,4ca084aec87b,2,1,1.0
501,4ccd8a003eb3,3,2,1.0
502,4cce5b71c1b1,3,2,1.0
503,4cf2563142f4,1,2,1.0
504,4cfe0498d60f,2,2,1.0
505,4d30590359d2,3,2,1.0
506,4d5877f68893,3,2,1.0
507,4dae128831ab,4,2,1.0
508,4db0a32fbd79,2,2,1.0
509,4db8491f1494,2,2,1.0
510,4e0a1de43ade,2,2,1.0
511,4e455f0cb054,1,2,1.0
512,4e4bf2952658,3,2,1.0
513,4e570bb1c2c9,3,2,1.0
514,4e8848558390,3,2,1.0
515,4e8b6849684d,1,2,1.0
516,4eb2a2b392f6,1,1,1.0
517,4eef9950c417,1,1,1.0
518,4fcffe64689b,2,2,1.0
519,501398697fc1,1,2,1.0
520,5047c7523e09,1,2,1.0
521,50c80988e3ff,1,1,1.0
522,50dc42c72b45,2,1,1.0
523,50ec76b042b1,2,2,1.0
524,513c23ea9630,2,2,1.0
525,51551e6feeb1,1,1,1.0
526,517081be5027,2,2,1.0
527,51a2ad418b22,2,1,1.0
528,51bcce4e7c55,1,2,1.0
529,51ebdbb49211,4,2,1.0
530,51fdf25a4fd7,3,2,1.0
531,5232ba7fa001,2,1,1.0
532,523a3912a7ee,1,2,1.0
533,52ade2ecc8f0,3,2,1.0
534,52c4aad9512c,3,2,1.0
535,52ef4341cfd5,4,2,1.0
536,530867f65ca0,4,2,1.0
537,5384b927f5b3,1,2,1.0
538,539741a6f8dc,4,2,1.0
539,53c7f76b42eb,2,2,1.0
540,541222108e55,4,2,1.0
541,54415c6dfda4,2,1,1.0
542,54b61f30d4ec,1,1,1.0
543,5566406c59ee,1,1,1.0
544,556692ccbfb9,2,2,1.0
545,5575d4cb055f,2,1,1.0
546,557efd4b1180,1,2,1.0
547,55b07829e888,1,1,1.0
548,55cab2c9c13a,2,1,1.0
549,55e7547db0dd,3,2,1.0
550,55eef661b175,1,1,1.0
551,55f4ccb3f710,1,1,1.0
552,55f4ee4282d3,3,2,1.0
553,5608b200acb6,1,2,1.0
554,56102e85ff9f,1,2,1.0
555,5631a47d5b0c,1,1,1.0
556,564283be4af8,1,1,1.0
557,5671f785cd97,2,2,1.0
558,56b724dc963a,1,2,1.0
559,56bbe99602d3,3,2,1.0
560,56e1ccd094f2,2,2,1.0
561,56e6e1efa7d0,2,2,1.0
562,5715f8aaf551,4,2,1.0
563,573aeb182976,1,1,1.0
564,578c8b32057e,1,1,1.0
565,578ced5a0ac0,4,2,1.0
566,5790b15dde35,2,1,1.0
567,57e5b459aabd,3,2,1.0
568,57f8db17da03,4,2,1.0
569,5871b8dc3e88,1,2,1.0
570,588bd0b6ac0c,1,2,1.0
571,58f6ce951b5f,3,2,1.0
572,590f64bf82a6,4,2,1.0
573,59642acc100e,1,1,1.0
574,596a08cbd66b,2,2,1.0
575,59b3bace06f3,2,2,1.0
576,59c99a7cd635,1,2,1.0
577,59d22218ba83,3,2,1.0
578,5a22624135ab,1,1,1.0
579,5a67509ed81c,2,2,1.0
580,5a89c7f7ad05,1,1,1.0
581,5a9fb7a75733,3,2,1.0
582,5aae1d92e0af,2,1,1.0
583,5ab182e75656,2,1,1.0
584,5ac25a1e40dd,1,1,1.0
585,5ac2aabf1cda,3,2,1.0
586,5ad6f7d64002,2,2,1.0
587,5ae120f940c0,3,2,1.0
588,5affc24bfa1a,2,2,1.0
589,5b264302144d,2,1,1.0
590,5b6355525f48,2,2,1.0
591,5b902dfab5a8,2,2,1.0
592,5b936b2d6a96,2,2,1.0
593,5bcde6ec2e82,2,1,1.0
594,5c04198743a5,3,2,1.0
595,5c48013d4c6d,1,1,1.0
596,5c4b2ee1796a,4,2,1.0
597,5c67b0b835d2,4,2,1.0
598,5d0731972927,1,1,1.0
599,5d3e158def53,4,2,1.0
600,5d81a44b4f02,3,2,1.0
601,5dcc3cda10ef,2,2,1.0
602,5de1d0bea7fe,2,1,1.0
603,5e568e50245f,2,2,1.0
604,5e6559502f5c,2,2,1.0
605,5e72a0265b2f,1,2,1.0
606,5e8476b465f9,4,2,1.0
607,5ea525251225,2,1,1.0
608,5eb8dd24210f,4,2,1.0
609,5ed19b1b6f88,1,1,1.0
610,5ed62676da45,1,2,1.0
611,5f256b685ae7,2,2,1.0
612,5f27d6930c04,2,2,1.0
613,5f584921044d,3,2,1.0
614,5f6fc2f12a07,3,2,1.0
615,5f828ab21444,4,2,1.0
616,5f8ec1d7ba8e,3,2,1.0
617,5f9afd2ee26d,1,1,1.0
618,602d24899028,2,1,1.0
619,603ee78f2a2f,4,2,1.0
620,60649906e443,1,1,1.0
621,6071f2eb2163,3,2,1.0
622,60c150d85e6f,4,2,1.0
623,60c5d77a74a0,2,2,1.0
624,60dd04800024,3,2,1.0
625,60e20dd6aca9,2,2,1.0
626,60f73a9652a3,3,2,1.0
627,60fc71767907,2,2,1.0
628,611599949a53,2,1,1.0
629,611aee20c207,1,2,1.0
630,611fb542b810,2,2,1.0
631,612f1862f6bc,3,2,1.0
632,61409556c001,2,1,2.0
633,614e8e7ae8e8,4,2,1.0
634,61d89329d5c9,3,2,1.0
635,61f8b27a48e6,2,1,2.0
636,620901cb76b3,4,2,1.0
637,6230a948334b,1,2,1.0
638,62bc683d8c8a,1,1,1.0
639,62c75b6f6255,4,2,1.0
640,62cb0165db74,1,2,1.0
641,6331fd28f6b9,3,2,1.0
642,63469909e6ee,3,2,1.0
643,634a9a8854a7,3,2,1.0
644,63d1b86bf926,4,2,2.0
645,640e1960386c,2,2,2.0
646,6443bced36cd,1,1,1.0
647,644a28544730,4,2,2.0
648,644a62eaaf2b,1,1,2.0
649,6466ef31fe38,4,2,2.0
650,64964ca0d580,3,2,1.0
651,64a7e1b01c32,1,1,2.0
652,64bdfb888ab0,4,2,2.0
653,64c3274b1ba4,2,2,2.0
654,64c675e5750d,3,2,1.0
655,651281290617,2,1,2.0
656,652bd8e1cb00,2,1,2.0
657,65500e3e3c73,2,2,2.0
658,65549f6e79ba,2,2,2.0
659,65a235166914,1,1,2.0
660,65e7ca00c422,2,1,2.0
661,65fcbb5ef4c7,1,1,2.0
662,6637388750f9,1,2,2.0
663,664fdc3e5dca,1,1,2.0
664,669cc99d41c1,3,2,1.0
665,669d50eb831a,2,2,2.0
666,66bc46f89c87,2,1,2.0
667,66e60e98c001,2,2,2.0
668,66f49941ae3a,2,2,2.0
669,67572ee0daf5,2,2,2.0
670,678c51bde237,1,1,2.0
671,67a098bcc9bf,3,2,1.0
672,67a7395eef7d,2,1,2.0
673,67f8a3cac4c0,3,2,1.0
674,68600400d70b,2,1,2.0
675,6889e683b0c4,2,2,2.0
676,68c4d1b29b13,1,2,2.0
677,68e0e9974b36,2,1,2.0
678,68fad6106167,2,1,2.0
679,6909603ea7ab,4,2,2.0
680,6932d1e4a62b,1,1,2.0
681,693de1429edc,2,2,2.0
682,6970d83dee65,3,2,1.0
683,697bcd4929eb,3,2,1.0
684,699ce635ec4d,3,2,1.0
685,69dc0b37915e,2,2,2.0
686,6a221c2e5e23,2,2,2.0
687,6a2cec1c97bc,2,2,2.0
688,6a38f80ec136,3,2,1.0
689,6a4d868ab872,1,1,2.0
690,6a576a079947,3,2,1.0
691,6a5db683c6e5,2,1,2.0
692,6aa29be63071,2,1,2.0
693,6ab07cb986c7,4,2,2.0
694,6b0fd03dfafe,1,1,2.0
695,6b1e4cea2071,1,2,2.0
696,6b52f8bd85ad,4,2,2.0
697,6b538126a8ed,3,2,1.0
698,6ba77a9f7fea,2,2,2.0
699,6ba7c5991bf9,2,1,2.0
700,6bfe9903a1cf,1,2,2.0
701,6c45ea14a1d4,2,2,2.0
702,6cadbd5ea8f3,3,2,2.0
703,6d1315ab9ef7,1,2,2.0
704,6d2c14c1bd44,3,2,2.0
705,6d67a59967d3,2,2,2.0
706,6d6eefb8eceb,3,2,2.0
707,6d7de92aca26,2,2,2.0
708,6d81f8d6fb26,3,2,2.0
709,6da91879f30b,3,2,2.0
710,6dc70ca9b2e9,2,2,2.0
711,6dee2a7abf7b,4,2,2.0
712,6e01967a7d6a,3,2,2.0
713,6e5c3c4417ef,4,2,2.0
714,6e729f084d5b,3,2,2.0
715,6e74e333e5e4,1,2,2.0
716,6ef162165758,2,2,2.0
717,6f5b0c65359a,2,2,2.0
718,6f6d94a82c86,1,1,2.0
719,6f77355f4181,3,2,2.0
720,6f8770cfd642,2,2,2.0
721,6fcc6c7f91e3,3,2,2.0
722,6fe2f73f1bd8,3,2,2.0
723,700abde35294,2,2,2.0
724,70c671e23e54,4,2,2.0
725,70d79d2694c0,1,2,2.0
726,7130a09402cc,2,2,2.0
727,71747eee6354,3,2,2.0
728,719d34ae85c4,4,2,2.0
729,719eabbda1cf,4,2,2.0
730,71bcc48dd837,3,2,2.0
731,71bf4443c163,1,1,2.0
732,71cd41c93924,1,2,2.0
733,720c0fa5ce8e,1,2,2.0
734,7292fe2d34d6,1,2,2.0
735,72c650f761d3,3,2,2.0
736,72cdbbaeef56,3,2,2.0
737,733296a59c9b,1,1,2.0
738,7355832cc78c,2,2,2.0
739,7392e21e0fe2,1,1,2.0
740,73d99bec414b,2,1,2.0
741,740afe5498ac,1,2,2.0
742,744cb2f0574f,3,2,2.0
743,7483bb77d145,1,2,2.0
744,748b86c5cebc,3,2,2.0
745,74a7eaee8279,4,2,2.0
746,74c1f7f6a166,3,2,2.0
747,74e6545e7553,3,2,2.0
748,7505b0ab7415,3,2,2.0
749,7514d946ca86,2,2,2.0
750,7560670dee2a,3,2,2.0
751,757706861314,2,2,2.0
752,758c0b61f9db,1,1,2.0
753,75936837a55d,2,2,2.0
754,7622056d3e90,4,2,2.0
755,7632e7605ef9,4,2,2.0
756,764b5512ab63,3,2,2.0
757,7692743740c8,4,2,2.0
758,7699cd397b7f,3,2,2.0
759,76a3142ef6ee,2,2,2.0
760,76ccd3cb71f5,3,2,2.0
761,76e5b8a1caa1,1,2,2.0
762,771f8c972c6a,4,2,2.0
763,7731c6762560,3,2,2.0
764,7735d60f5fe3,3,2,2.0
765,777ad3f586ba,2,2,2.0
766,77a33cc4f0d2,2,2,2.0
767,77c7c3714f08,1,1,2.0
768,77f28cc0bb74,4,2,2.0
769,780362d8c87e,1,2,2.0
770,781a20760295,4,2,2.0
771,78212f20cd97,3,2,2.0
772,783e8f735476,1,2,2.0
773,78d41aae916c,3,2,2.0
774,795b7a37fc4e,3,2,2.0
775,79b61f3f4b43,3,2,2.0
776,7a115ea6545e,2,1,2.0
777,7a5c7224d687,4,2,2.0
778,7a64f88c2495,3,2,2.0
779,7aa96f6832b9,1,1,2.0
780,7ae0eb4bda2c,1,1,2.0
781,7aeb05949f93,2,2,2.0
782,7b2f18a40b4a,4,2,2.0
783,7b521f53df5b,1,1,2.0
784,7b7327ccac8d,1,1,2.0
785,7baf01b7068e,4,2,2.0
786,7c0205439a44,4,2,2.0
787,7c038ea321ec,2,2,2.0
788,7c0c2bdb3873,1,2,2.0
789,7c298a75da51,3,2,2.0
790,7c56aea50785,3,2,2.0
791,7c58b92324f7,1,1,2.0
792,7c5cf9cde77f,2,2,2.0
793,7cb715d5413c,1,2,2.0
794,7cbf10b993b3,3,2,2.0
795,7cdef60980be,2,2,2.0
796,7d0038b7076a,1,1,2.0
797,7d0a50e095b3,2,2,2.0
798,7db4a2106f14,1,1,2.0
799,7db704f3e0f0,3,2,2.0
800,7de21232ab33,2,2,2.0
801,7debe11c0956,3,2,2.0
802,7dfcc533850b,4,2,2.0
803,7e090fce7bd8,2,2,2.0
804,7e695638b845,2,2,2.0
805,7e72cf2b43bf,1,1,2.0
806,7e97ecdac5d2,2,1,2.0
807,7ec06208a352,4,2,2.0
808,7ed2263d8989,2,1,2.0
809,7f3885828905,2,2,2.0
810,7f41aff561f7,1,2,2.0
811,7f446ed19c5e,3,2,2.0
812,7f61489d23e1,3,2,2.0
813,7f65f6c95d58,2,2,2.0
814,7f74c3c6dcb7,3,2,2.0
815,7f8b1dbe8485,4,2,2.0
816,7fc91238e6f8,2,1,2.0
817,800e6eb2c9a9,3,2,2.0
818,8034004a9385,2,2,2.0
819,8047c43b1cb2,1,1,2.0
820,807952a15f7e,3,2,2.0
821,80e39a2c0584,2,2,2.0
822,80f94b4ae058,3,2,2.0
823,811adee237eb,3,2,2.0
824,8163758bbfe3,4,2,2.0
825,8182a03edd17,1,1,2.0
826,81d7080ee1f1,1,2,2.0
827,81e49a2e8c6b,1,1,2.0
828,82257d852c6e,2,2,2.0
829,8254e9f1af65,2,1,2.0
830,8268dda3e499,3,2,2.0
831,826983d713b5,3,2,2.0
832,82bc998e9762,2,2,2.0
833,82ebdf90c9a8,3,2,2.0
834,82f5fd3080a0,2,2,2.0
835,8304f634e76e,2,2,2.0
836,830dafc6cb4c,2,2,2.0
837,832a1cf1a44c,3,2,2.0
838,836f728b5c18,1,1,2.0
839,83a7f8ea3f09,3,2,2.0
840,83accb438714,1,1,2.0
841,83db373faecc,2,2,2.0
842,83dd35ad9daf,4,2,2.0
843,8471cf1e3e72,4,2,2.0
844,8491370e454b,1,2,2.0
845,84a3f37bf808,1,2,2.0
846,84d6716c6ea9,4,2,2.0
847,84d81e7b03c1,2,1,2.0
848,850947818ce9,3,2,2.0
849,851a4c6b70ba,3,2,2.0
850,8533ba9bc160,1,1,2.0
851,8565f71a4149,1,1,2.0
852,857753b9fec3,2,2,2.0
853,85affadde232,3,2,2.0
854,85c2d78dbbc0,2,2,2.0
855,85f5c8b8e408,1,2,2.0
856,85fae4b2ca7c,3,2,2.0
857,861ffbc05b45,1,2,2.0
858,86361aca5683,3,2,2.0
859,863874819e27,4,2,2.0
860,866cff076c29,2,1,2.0
861,86a75a9863e5,2,2,2.0
862,871d4284b942,2,2,2.0
863,8758e0b50301,1,2,2.0
864,8780578e6bbb,3,2,2.0
865,878844fedcbb,2,2,2.0
866,8791f15fbc14,2,2,2.0
867,87a07ec41751,1,1,2.0
868,87f7cb743e92,4,2,2.0
869,881186005e82,1,1,2.0
870,885d35f6f2f3,3,2,2.0
871,88614cbaa57c,1,2,2.0
872,88aae3a7afb3,2,2,2.0
873,88c95fb9fb14,1,1,2.0
874,88d349bebe86,1,1,2.0
875,88e8fbbc2b4e,1,1,2.0
876,891613413e69,1,1,2.0
877,89184912fef8,4,2,2.0
878,892146ef3207,1,1,2.0
879,895973fae879,2,2,2.0
880,89676f94fc96,3,2,2.0
881,89696d0f1623,2,2,2.0
882,89c406905e08,3,2,2.0
883,89d78585ba7a,2,2,2.0
884,89f294d9b299,3,2,2.0
885,8a100f8a780f,1,2,2.0
886,8a1e5ef00438,3,2,2.0
887,8a2b71c9531a,1,2,2.0
888,8a60272c70aa,1,2,2.0
889,8a6122895816,4,2,2.0
890,8a6e6fb756da,1,1,2.0
891,8abfc630ccdd,1,1,2.0
892,8af8a44c73f9,4,2,2.0
893,8b135754e695,3,2,2.0
894,8b29a4cb940e,1,2,2.0
895,8b33e8e0f0a1,1,2,2.0
896,8b3a92f16728,2,2,2.0
897,8b7bc30b6173,4,2,2.0
898,8baf8bd94b2a,3,2,2.0
899,8be88b402878,1,2,2.0
900,8c66c89b3e78,1,2,2.0
901,8ca6628424da,1,2,2.0
902,8cb401cc36d6,4,2,2.0
903,8cb7d2ef7d2c,2,2,2.0
904,8d0a23c24ef6,3,2,2.0
905,8d17ab2e4ecb,4,2,2.0
906,8d24ea45c6b6,2,1,2.0
907,8d60ccc783c1,2,1,2.0
908,8d6b0ed78fb9,4,2,2.0
909,8d9f7a1029fd,3,2,2.0
910,8e467fa2a322,4,2,2.0
911,8e61e30e0090,1,2,2.0
912,8e90e6189c6b,1,1,2.0
913,8eba5fdbf94d,3,2,2.0
914,8ebe362f6098,3,2,2.0
915,8ebea8a23178,1,2,2.0
916,8ecbeea7cd27,3,2,2.0
917,8ecc51bb2c9c,3,2,2.0
918,8f0b2654e56c,3,2,2.0
919,8f256d18b5e4,1,1,2.0
920,8f28f9ece5e2,2,2,2.0
921,8f4c08f55c0f,2,1,2.0
922,8f6f3e18eda5,1,2,2.0
923,8f988ab60343,3,2,2.0
924,8fa63480d054,3,2,2.0
925,902bace17e68,3,2,2.0
926,90481ae2a0c9,1,2,2.0
927,9050af994abf,1,2,2.0
928,90e10df06c46,4,2,2.0
929,90ec5f6e822d,4,2,2.0
930,90fae0cae5bd,2,1,2.0
931,910b93e1cf28,1,2,2.0
932,91101158fefd,1,1,2.0
933,91170b600f70,1,1,2.0
934,911b753ffe47,2,1,2.0
935,9120a510b71a,4,2,2.0
936,912ebd02ee50,2,1,2.0
937,917eae619648,3,2,2.0
938,91858313a40e,1,1,2.0
939,91b640a96931,4,2,2.0
940,91b66fbcf78d,2,2,2.0
941,91ba77e94fd3,2,1,3.0
942,91c140f6b6bc,2,2,3.0
943,9227f6ede08f,1,1,2.0
944,9233984c12bc,3,2,2.0
945,92394add7fb2,2,1,3.0
946,92450a58e849,1,2,2.0
947,927942db80bf,2,2,3.0
948,9281b29dcd42,3,2,2.0
949,92f12671d129,1,2,2.0
950,92fbc07a537c,2,2,3.0
951,932c4fa02fee,1,2,2.0
952,936f9bfb3966,1,1,2.0
953,939c99c1e09a,2,1,3.0
954,93bab06a701e,3,2,2.0
955,93c7422d2878,4,2,2.0
956,93c8f228d228,2,2,3.0
957,93ca7e9b5f80,2,2,3.0
958,94288c56b1d3,2,2,3.0
959,947447479640,2,2,3.0
960,94a3c72459be,3,2,2.0
961,94ad7d9e5497,1,1,2.0
962,94dd41f92b1d,1,2,2.0
963,94f11c67c4c3,2,2,3.0
964,94f26e581ec3,3,2,2.0
965,951d7a241936,1,1,2.0
966,954010aca957,4,2,2.0
967,9546e3a4b2a9,1,2,2.0
968,9596b376c210,1,1,2.0
969,95b34d4e7cde,3,2,2.0
970,95c077870f91,1,2,2.0
971,960fed572dd3,3,2,2.0
972,96b92a29ecbe,4,2,2.0
973,96c2d15e0fa1,2,1,3.0
974,96e5bac74853,2,2,3.0
975,96edf6531f2d,3,2,2.0
976,96f088940597,2,2,3.0
977,96f1e0918df2,3,2,2.0
978,97551fbdf2bf,1,2,2.0
979,977159da60e3,3,2,2.0
980,9782ac95d840,3,2,2.0
981,97dce4548ae2,2,1,3.0
982,97f404585e68,2,2,3.0
983,989936714cf5,4,2,2.0
984,98a235b69354,4,2,2.0
985,98afebe7cca1,1,2,2.0
986,98b18c155ed1,2,2,3.0
987,98f9ea814477,2,2,3.0
988,9934681661bc,2,2,3.0
989,993a5ac25b94,3,2,3.0
990,99ddcf7fb9a3,1,2,2.0
991,9a2004e16035,1,1,2.0
992,9a4ac92edd79,1,2,2.0
993,9a4d59b6c3ec,1,2,2.0
994,9a70c2d9e4f4,1,2,2.0
995,9a7bc8d347c4,2,2,3.0
996,9a9d2d6bdbce,3,2,3.0
997,9abb800898c5,2,1,3.0
998,9afac4fc65ef,1,1,3.0
999,9b60f092dd52,3,2,3.0
1000,9b9349a10d8d,1,2,3.0
1001,9b95807e6b23,1,1,3.0
1002,9ba29448632b,2,1,3.0
1003,9c19b3aabfdb,2,2,3.0
1004,9cbdd3eb5929,1,1,3.0
1005,9ce355afb03d,2,2,3.0
1006,9d3653466f61,4,2,2.0
1007,9d417eed72a8,4,2,2.0
1008,9d8e026859d7,1,2,3.0
1009,9dfb5b38e36e,3,2,3.0
1010,9e1b8de22598,4,2,2.0
1011,9e8797fe1a0e,2,2,3.0
1012,9ed941a933d0,1,1,3.0
1013,9f277dd2e945,2,2,3.0
1014,9f62eba82f40,1,2,3.0
1015,9f64d430a4cf,2,1,3.0
1016,9f999c74b67e,1,2,3.0
1017,a0316ec821f7,4,2,2.0
1018,a0807299bd53,2,2,3.0
1019,a08c589003dd,4,2,2.0
1020,a0fed17a5bc6,1,2,3.0
1021,a12848a1b5f9,3,2,3.0
1022,a1ad4db6a842,3,2,3.0
1023,a1e821ead370,1,2,3.0
1024,a25cbea8669c,3,2,3.0
1025,a26531b79940,2,1,3.0
1026,a274c6c324e2,3,2,3.0
1027,a27ffddbba42,3,2,3.0
1028,a29f889679f4,1,2,3.0
1029,a2c83aa5cf1f,2,1,3.0
1030,a32a65398ad7,4,2,2.0
1031,a34d3fde892c,1,2,3.0
1032,a36b81bcf078,4,2,3.0
1033,a36f233f5953,2,1,3.0
1034,a373ae26f4f0,2,1,3.0
1035,a3926b1211d3,2,1,3.0
1036,a3e273001980,2,2,3.0
1037,a3ebac2db19d,1,1,3.0
1038,a418cbf4e695,2,2,3.0
1039,a43242dec225,2,2,3.0
1040,a44370ab145d,1,2,3.0
1041,a4452ffa233b,2,2,3.0
1042,a4b58c23d4c6,1,1,3.0
1043,a4b63d91f173,1,2,3.0
1044,a4c8e8f95bc2,3,2,3.0
1045,a4ccac27ed46,3,2,3.0
1046,a4d34e292999,4,2,3.0
1047,a4f027cdc65e,1,2,3.0
1048,a50a29bd69ef,2,2,3.0
1049,a50f200ad02f,3,2,3.0
1050,a58ccb739cdd,4,2,3.0
1051,a5ab2872a910,1,2,3.0
1052,a5f11406f0b1,2,2,3.0
1053,a60200ee318c,1,1,3.0
1054,a63fa35aa326,2,2,3.0
1055,a6526eeecee5,1,2,3.0
1056,a65fdd745f6f,2,1,3.0
1057,a661cbfc8464,1,2,3.0
1058,a681dde5b7de,3,2,3.0
1059,a681e37e5ee5,3,2,3.0
1060,a68da5a9335d,2,2,3.0
1061,a691fb1d53f0,2,2,3.0
1062,a6d61b2f1699,3,2,3.0
1063,a7307c527b85,2,2,3.0
1064,a76c9a4f745c,3,2,3.0
1065,a78ec28fe7b8,2,2,3.0
1066,a7a03dcb5485,1,1,3.0
1067,a8479babffaa,3,2,3.0
1068,a88bead7ca59,2,1,3.0
1069,a891b1ffc5a3,3,2,3.0
1070,a8dcf7824e9b,1,1,3.0
1071,a8eaa112a1b6,3,2,3.0
1072,a9653f16e0b6,1,1,3.0
1073,a9718ca44c8d,2,2,3.0
1074,a977353c25d6,1,1,3.0
1075,a9de6e1a6c4d,1,2,3.0
1076,a9f38bd2f427,3,2,3.0
1077,a9f8aa3cccf0,1,2,3.0
1078,a9fa67774c7a,2,2,3.0
1079,aa05d1efb6bc,1,2,3.0
1080,aa5761ee8eda,1,1,3.0
1081,aa762ea74f0f,2,2,3.0
1082,aa7a3333fa55,3,2,3.0
1083,aa89285a0dbd,1,1,3.0
1084,aa989f83a794,1,2,3.0
1085,aa9ee3d2ac2d,3,2,3.0
1086,aad30f930d6d,1,2,3.0
1087,ab0b1f7b2b86,2,2,3.0
1088,ab11b0e13446,2,2,3.0
1089,ab2d969797d8,3,2,3.0
1090,ab454ea36b63,3,2,3.0
1091,ab9b5d4d6059,3,2,3.0
1092,abbacf024cb5,1,2,3.0
1093,abe1088b3890,1,2,3.0
1094,abe8e23f130b,2,1,3.0
1095,ac34f9f13036,3,2,3.0
1096,ac68833641fe,1,1,3.0
1097,ac6d05ce6dd1,1,1,3.0
1098,ac8f685801d0,1,1,3.0
1099,ace43628b108,1,2,3.0
1100,ad0363026f05,4,2,3.0
1101,ad4cabec2278,2,1,3.0
1102,ada5d6fa80aa,1,1,3.0
1103,adaa3ee513d9,3,2,3.0
1104,adadaeaa3635,1,2,3.0
1105,adc67bf6077e,3,2,3.0
1106,add5a56b2f07,2,2,3.0
1107,adf1327bba60,4,2,3.0
1108,ae14caf08188,2,2,3.0
1109,ae260805d9f9,4,2,3.0
1110,ae4641d3fb5f,1,1,3.0
1111,aec4e90274e1,2,2,3.0
1112,aef16812206a,2,2,3.0
1113,af23476af35e,2,2,3.0
1114,af587261a215,1,1,3.0
1115,af89200358de,3,2,3.0
1116,af8982e66925,4,2,3.0
1117,af9c61e40ff5,2,1,3.0
1118,afe3a6d7f7ba,1,2,3.0
1119,affb456560a3,2,2,3.0
1120,b04db3efff0a,3,2,3.0
1121,b063f7a3829b,4,2,3.0
1122,b0ec2900ed72,2,2,3.0
1123,b0fcbfe0fca4,4,2,3.0
1124,b12239b2762f,1,2,3.0
1125,b133a9ebd9c3,4,2,3.0
1126,b1374d055915,1,1,3.0
1127,b137de0d8f5c,2,2,3.0
1128,b1aef893fd53,2,2,3.0
1129,b1c9a2af1531,3,2,3.0
1130,b20773efe051,1,1,3.0
1131,b2106c522f46,4,2,3.0
1132,b275b8536362,2,2,3.0
1133,b2779e7c25cc,3,2,3.0
1134,b29ab50ca7aa,1,2,3.0
1135,b2e28a0849fb,2,1,3.0
1136,b30c1bc24eab,3,2,3.0
1137,b36f28986045,1,1,3.0
1138,b3e1b3925d24,2,2,3.0
1139,b3ee5e7bcf74,4,2,3.0
1140,b44814b042fc,3,2,3.0
1141,b454fe1b98f8,1,1,3.0
1142,b4598f8d84f8,3,2,3.0
1143,b4a153ea1fc8,1,2,3.0
1144,b4a7813b8e2b,3,2,3.0
1145,b4a985fc75cd,3,2,3.0
1146,b50d9b7c01c4,1,1,3.0
1147,b5e5e2970afb,2,1,3.0
1148,b5f0453b4c6d,1,2,3.0
1149,b6219a22e5e3,4,2,3.0
1150,b63650c923a7,1,2,3.0
1151,b6395d5c113f,1,1,3.0
1152,b668f7c18ef6,3,2,3.0
1153,b66b9bbbf167,3,2,3.0
1154,b67951cda6f8,3,2,3.0
1155,b680700d5e57,4,2,3.0
1156,b68a2e3b48bd,4,2,3.0
1157,b6e0eb93d1d7,3,2,3.0
1158,b728bb99e6c8,3,2,3.0
1159,b72ce47d803b,2,1,3.0
1160,b73efafa7477,1,1,3.0
1161,b77a62ff15ed,3,2,3.0
1162,b78c3f072465,2,2,3.0
1163,b798306ab780,3,2,3.0
1164,b798a80f3da4,4,2,3.0
1165,b7ab3f28e574,4,2,3.0
1166,b815cc48bb76,1,2,3.0
1167,b898dccf7911,2,1,3.0
1168,b8db704134ac,2,1,3.0
1169,b9026c35238c,2,1,3.0
1170,b93077c899a8,3,2,3.0
1171,b95327948c18,3,2,3.0
1172,b987af6e6106,1,2,3.0
1173,ba276097772d,1,2,3.0
1174,ba58c47f480c,3,2,3.0
1175,ba5cffc61dce,1,2,3.0
1176,ba796d42add5,4,2,3.0
1177,ba8d36715d6d,4,2,3.0
1178,bac19879fe37,2,1,3.0
1179,bac213291490,4,2,3.0
1180,bac629dabbe6,3,2,3.0
1181,bac81a8f8291,3,2,3.0
1182,bb1587775541,1,2,3.0
1183,bb2d9688374a,4,2,3.0
1184,bb488d9b931e,1,1,3.0
1185,bb7e7fae1cf4,2,1,3.0
1186,bbc880d2dc90,2,2,3.0
1187,bc07350db50d,2,2,3.0
1188,bc15bd2adbbb,3,2,3.0
1189,bc395209b187,4,2,3.0
1190,bc7b984d5230,4,2,3.0
1191,bc995681dd54,1,1,3.0
1192,bc9d7d15a9a9,1,1,3.0
1193,bcd16bd04b1c,3,2,3.0
1194,bd090bb1b654,1,1,3.0
1195,bd4bbe103c24,1,1,3.0
1196,bd636340ad4f,3,2,3.0
1197,bda6c8ca9d47,1,1,3.0
1198,bdf18b8fa3ed,2,1,3.0
1199,be0d76907fd8,3,2,3.0
1200,be16177671b1,2,1,3.0
1201,be695f1c1f6d,4,2,3.0
1202,be9250fc8ec5,1,1,3.0
1203,becaaec84ca6,2,2,3.0
1204,bed42645b049,3,2,3.0
1205,bede7403023b,4,2,3.0
1206,bee3838707f4,4,2,3.0
1207,bef001de468a,1,2,3.0
1208,bf0798d1cbdb,4,2,3.0
1209,bf0f8e9bf257,1,2,3.0
1210,bf610d0dd510,1,2,3.0
1211,bf96591278cd,1,1,3.0
1212,bfb0250dabd4,4,2,3.0
1213,bfd82635f6f9,2,1,3.0
1214,bffe164b7f65,1,2,3.0
1215,bfffe3b3805d,2,2,3.0
1216,c0073ae5f1f6,4,2,3.0
1217,c0158f97f48c,2,2,3.0
1218,c062fbe6ba1b,3,2,3.0
1219,c07f9e30d860,4,2,3.0
1220,c0bf4b3dd05e,3,2,3.0
1221,c0c152a3f7bc,3,2,3.0
1222,c124e309f7cc,4,2,3.0
1223,c12e5e644392,1,2,3.0
1224,c1595cb65d3b,4,2,3.0
1225,c15c8d3980fb,1,2,3.0
1226,c1a16cb3923b,1,1,3.0
1227,c1bb0a12845a,4,2,3.0
1228,c2569a219a0b,1,2,3.0
1229,c2731b6c0c17,1,2,3.0
1230,c2e7dae2437c,3,2,3.0
1231,c32a82f01c6a,4,2,3.0
1232,c35d853b0cd2,4,2,3.0
1233,c36750e28613,3,2,3.0
1234,c3696e2cc92f,2,2,3.0
1235,c3e1d10f1fc6,4,2,3.0
1236,c3e34170ff28,1,2,3.0
1237,c4174d33b750,3,2,3.0
1238,c45d912806b0,3,2,3.0
1239,c4dbb5659b69,1,2,3.0
1240,c4fd3d068713,1,2,3.0
1241,c504eae8c6bb,2,1,3.0
1242,c50e14816f9d,3,2,3.0
1243,c50f59592766,1,2,3.0
1244,c51d8cf96223,1,2,3.0
1245,c54a545a9ced,4,2,3.0
1246,c57c3d98ec7d,3,2,3.0
1247,c58fdf94786d,2,2,3.0
1248,c61b8e6f4c88,3,2,3.0
1249,c66ca73a66d8,4,2,3.0
1250,c66de2904503,2,1,3.0
1251,c67213a7562c,2,2,3.0
1252,c689a79e5663,4,2,3.0
1253,c701b51b6ece,3,2,3.0
1254,c71a1602289a,2,2,3.0
1255,c72da07dc0ee,2,1,3.0
1256,c738789588f9,3,2,3.0
1257,c78dc47a677d,3,2,3.0
1258,c79b1b1886d4,1,1,3.0
1259,c7d49f3f1ae3,1,1,3.0
1260,c7e22a624fc5,4,2,3.0
1261,c864a708f66a,2,1,4.0
1262,c8a7b42da8df,2,2,4.0
1263,c8ccde20bf4d,2,2,4.0
1264,c8e71ace0b11,1,2,3.0
1265,c9455a06321d,1,1,3.0
1266,c956a02b5d22,2,1,4.0
1267,c96f8a2737a2,1,2,3.0
1268,c9a0f19e04c5,2,1,4.0
1269,c9a18f17a4d3,4,2,3.0
1270,c9aa10c8c5f4,3,2,3.0
1271,c9b86706da8d,3,2,3.0
1272,c9d0ac176add,1,1,3.0
1273,c9dc3cfc0567,1,1,3.0
1274,c9fca5b2635b,4,2,3.0
1275,ca081412bad8,1,1,3.0
1276,ca178713fdb2,1,1,3.0
1277,ca2df2a0dc8b,3,2,3.0
1278,ca57af0413ac,1,1,3.0
1279,cae2e616161f,4,2,3.0
1280,cb0d9bad1bd4,1,2,3.0
1281,cb663f34ed9b,3,2,3.0
1282,cb7350d7c713,3,2,3.0
1283,cb96f7b681f8,1,1,3.0
1284,cbbdc5d83ec9,1,1,3.0
1285,cbc4758c8c53,1,1,3.0
1286,cbce5b55f5bb,4,2,3.0
1287,cbe35ca4623b,3,2,3.0
1288,cc103e610139,1,2,3.0
1289,cc1b273b861d,2,2,4.0
1290,cc5479b520b6,2,2,4.0
1291,cc59866d42be,3,2,3.0
1292,cc5c2d5e980f,4,2,3.0
1293,cc8bdabbc3eb,3,2,3.0
1294,cc8d5b6d4975,3,2,3.0
1295,ccb2255e294d,2,1,4.0
1296,ccd1307ed76b,2,2,4.0
1297,cd1e8e4f8921,3,2,3.0
1298,cd35c37f47a3,3,2,3.0
1299,cd39806070ab,1,2,3.0
1300,cd4b698ac682,1,1,3.0
1301,cd6b90e3f4b3,1,1,3.0
1302,cd9a241fd4b6,2,1,4.0
1303,cd9a596eebf1,3,2,3.0
1304,cde801aaf517,3,2,3.0
1305,cdf0497344de,4,2,3.0
1306,cdfb7a1da40e,3,2,3.0
1307,ce27b0613895,1,1,3.0
1308,cea4c41873cd,4,2,3.0
1309,cee03f90d9c9,1,2,4.0
1310,cee9e898e32c,1,2,4.0
1311,cefc6af28f24,4,2,3.0
1312,cf3a17203298,3,2,3.0
1313,cf50015c533c,3,2,4.0
1314,cf5f9ffd9957,1,2,4.0
1315,cf921187e2bc,1,1,4.0
1316,cfb0bd617652,1,2,4.0
1317,cfbf75947d43,1,1,4.0
1318,cfcbc3b1aa48,2,2,4.0
1319,cfe02239d1c7,1,1,4.0
1320,d024e02fa97c,3,2,4.0
1321,d030717228ae,2,2,4.0
1322,d078cb53bbd5,1,1,4.0
1323,d0ba005fd935,4,2,3.0
1324,d0badf7ec065,3,2,4.0
1325,d0bc02b11405,4,2,3.0
1326,d0c516c02696,4,2,3.0
1327,d0d0fda7789f,3,2,4.0
1328,d0ddedbf71d8,4,2,3.0
1329,d0e4047a291e,3,2,4.0
1330,d123fb3f0c03,2,2,4.0
1331,d1286858fd92,3,2,4.0
1332,d12b5c0f5c0e,2,1,4.0
1333,d14a3f06a93d,2,2,4.0
1334,d15371f61a24,2,2,4.0
1335,d169174a769b,1,2,4.0
1336,d16eb475a112,4,2,3.0
1337,d171145b9fb7,1,1,4.0
1338,d17335683f96,1,2,4.0
1339,d1d485660263,1,1,4.0
1340,d214cc1abfc5,3,2,4.0
1341,d2378fe9bcbd,2,1,4.0
1342,d264f8462c81,3,2,4.0
1343,d286201ebd88,2,2,4.0
1344,d2dec3865693,4,2,3.0
1345,d2e1817156f5,2,2,4.0
1346,d2f339b5ffb4,2,2,4.0
1347,d34a9780d222,3,2,4.0
1348,d35b6634f6e9,2,1,4.0
1349,d398c9691104,3,2,4.0
1350,d3bab0895723,2,1,4.0
1351,d3f83680f6d7,3,2,4.0
1352,d3fa4f52eca5,3,2,4.0
1353,d42603b67dad,3,2,4.0
1354,d430a5d229e3,1,2,4.0
1355,d463ac727d6b,2,2,4.0
1356,d4a10d20a7d7,4,2,4.0
1357,d4a6a9e8d85e,1,2,4.0
1358,d4e99e162f37,1,1,4.0
1359,d5854c64aa9d,2,2,4.0
1360,d58a88fb6958,3,2,4.0
1361,d59914131ffa,1,2,4.0
1362,d5a7b4e0d161,4,2,4.0
1363,d5f4624c23bb,2,1,4.0
1364,d62f578b24ce,2,2,4.0
1365,d6529e6e8602,1,1,4.0
1366,d68324eb7980,1,2,4.0
1367,d6b73b44e334,2,2,4.0
1368,d6bd77533b2b,1,2,4.0
1369,d6d79e965902,1,1,4.0
1370,d6f0f1f4a7dc,1,1,4.0
1371,d70170048f3a,3,2,4.0
1372,d70561fbf220,3,2,4.0
1373,d71686c972e0,3,2,4.0
1374,d71ee2e0b7b5,2,2,4.0
1375,d74fdf0b9924,2,1,4.0
1376,d811739e1ef2,2,2,4.0
1377,d815bd3cf5cf,2,2,4.0
1378,d82695d80caf,3,2,4.0
1379,d850250778f2,1,1,4.0
1380,d873758275c6,1,2,4.0
1381,d8ce65cbe4b5,2,2,4.0
1382,d8f0d57073c8,1,2,4.0
1383,d8f61858d47a,1,2,4.0
1384,d92d04437a8c,2,2,4.0
1385,d92dc34cd8f2,1,1,4.0
1386,d953fe03e1d0,2,1,4.0
1387,d9547a630fab,1,2,4.0
1388,d9808586aef2,1,1,4.0
1389,da054a47370e,3,2,4.0
1390,da1c6d6657e9,1,1,4.0
1391,da2863316247,1,1,4.0
1392,da3180fa5201,3,2,4.0
1393,da5cca9855f5,4,2,4.0
1394,da774b6f9cd1,2,1,4.0
1395,da876b636c6c,1,1,4.0
1396,da9507215057,1,2,4.0
1397,dad151b200fe,2,2,4.0
1398,daf9beac4413,4,2,4.0
1399,db03a1487798,1,1,4.0
1400,db04612e2648,3,2,4.0
1401,db20b95a3ab9,1,1,4.0
1402,db8391d91d8d,2,1,4.0
1403,db83bccea592,4,2,4.0
1404,db8431a57b16,1,1,4.0
1405,db8adbc51c82,1,2,4.0
1406,dbca0821ce3c,3,2,4.0
1407,dbf5ec194977,1,2,4.0
1408,dc03d69afd95,1,1,4.0
1409,dc0b64e2a3a6,1,2,4.0
1410,dc2ad2a52179,3,2,4.0
1411,dc67aaaa45bf,3,2,4.0
1412,dc6ef56300e8,3,2,4.0
1413,dca0747a4dc7,3,2,4.0
1414,dcb7174a5ac6,3,2,4.0
1415,dcc3cfed279c,4,2,4.0
1416,dccfd5b60684,2,2,4.0
1417,dcd2a14a9980,4,2,4.0
1418,dcdc443bdaf3,4,2,4.0
1419,dcea2cfbc429,1,1,4.0
1420,dcea4e9d6726,1,2,4.0
1421,dd359ed041b4,4,2,4.0
1422,dd4a8ba579c0,4,2,4.0
1423,dd690b7d9a47,1,1,4.0
1424,dd83f2d82305,2,2,4.0
1425,dd9c8c29b282,4,2,4.0
1426,dde26a95b52c,2,1,4.0
1427,de387954f3df,2,2,4.0
1428,de3db38fefd0,3,2,4.0
1429,deb8c17483c0,1,2,4.0
1430,debf31b05ee8,2,2,4.0
1431,ded0fdeaab79,3,2,4.0
1432,dee28705d563,4,2,4.0
1433,def31ed25c53,2,2,4.0
1434,defd2cb5fd9b,4,2,4.0
1435,df2d25b6fcfb,4,2,4.0
1436,df72f14dbc83,4,2,4.0
1437,dfc12d5f9aa6,3,2,4.0
1438,dfcea0f4ef63,1,1,4.0
1439,dfd19ff8017e,4,2,4.0
1440,dfd3053cb488,2,2,4.0
1441,dfe0f68f1f43,2,2,4.0
1442,dfe24ec73350,4,2,4.0
1443,e0072029e135,2,1,4.0
1444,e024bc3c9ad8,3,2,4.0
1445,e03b335d6734,2,2,4.0
1446,e0ea1978d5dc,1,1,4.0
1447,e1610493df63,4,2,4.0
1448,e1647f94f1f9,1,2,4.0
1449,e176191e4f83,1,1,4.0
1450,e17868b94f7e,4,2,4.0
1451,e1ab6b163a1f,2,2,4.0
1452,e1f6c8a7873e,1,1,4.0
1453,e202c2edad04,3,2,4.0
1454,e2149f3ab975,3,2,4.0
1455,e21c60b762c9,3,2,4.0
1456,e27bfe79ed1b,3,2,4.0
1457,e283ea6e3f7b,1,1,4.0
1458,e2924beb5567,1,1,4.0
1459,e2c1ebfddb4a,1,1,4.0
1460,e2c7fe192d5b,4,2,4.0
1461,e2d18adbc90d,2,2,4.0
1462,e37d89a19566,3,2,4.0
1463,e38a7cbaa52d,3,2,4.0
1464,e39b2188eae9,4,2,4.0
1465,e3bd701c768d,2,2,4.0
1466,e3c41ad419a2,2,1,4.0
1467,e4321d033f15,4,2,4.0
1468,e477bfef1e06,4,2,4.0
1469,e4c6313913c3,1,1,4.0
1470,e506a133c873,1,1,4.0
1471,e52415e02d69,4,2,4.0
1472,e52522470fea,1,2,4.0
1473,e53db97f04b9,2,2,4.0
1474,e54c95cfac22,2,2,4.0
1475,e56a225520aa,3,2,4.0
1476,e5ac1caaadd8,1,1,4.0
1477,e5c9a1a4fe3a,3,2,4.0
1478,e61a8801555f,4,2,4.0
1479,e63d156bc72f,1,1,4.0
1480,e65fc78aa66a,2,1,4.0
1481,e6d32a960166,3,2,4.0
1482,e6d6daaf7bf9,3,2,4.0
1483,e6d9bd78b840,1,1,4.0
1484,e6dc33ae1abe,4,2,4.0
1485,e6e180a81f0e,4,2,4.0
1486,e7161814d297,3,2,4.0
1487,e716ad1b0301,3,2,4.0
1488,e72945522a29,1,1,4.0
1489,e72ed3bd99b5,2,1,4.0
1490,e7473674d813,2,1,4.0
1491,e7dd45905a5f,1,1,4.0
1492,e83d5ab2d9f5,2,2,4.0
1493,e868c30b2af7,3,2,4.0
1494,e8758c97b189,4,2,4.0
1495,e8a183610034,1,1,4.0
1496,e8ff12a57773,2,1,4.0
1497,e93185008c33,2,1,4.0
1498,e95c2881d1dc,1,1,4.0
1499,e9794d9a5f53,2,2,4.0
1500,e9932ac01e0e,3,2,4.0
1501,e99c14d23bb4,3,2,4.0
1502,e9c9c5fb7aef,3,2,4.0
1503,e9dc6b6c1048,3,2,4.0
1504,eaa096d85a52,1,2,4.0
1505,eaa85fa2b857,1,1,4.0
1506,eadc7dc8a3fc,3,2,4.0
1507,eb3a771b321f,4,2,4.0
1508,eb52609dbace,2,2,4.0
1509,eb6b959be840,4,2,4.0
1510,eb7564c1ca68,1,2,4.0
1511,eb9b9ee6043a,3,2,4.0
1512,eba1f93e5a11,1,1,4.0
1513,ebd15075feab,2,2,4.0
1514,ebe2cbbc92e4,3,2,4.0
1515,ec097810e8d8,4,2,4.0
1516,ec1667fb6eb8,3,2,4.0
1517,ec453780235f,4,2,4.0
1518,ec72d34932a5,3,2,4.0
1519,ec963d44976f,2,1,4.0
1520,ecdae8fdfd0e,2,2,4.0
1521,ece8da0779f2,3,2,4.0
1522,ed23179ac692,3,2,4.0
1523,ed6a92a9410c,1,1,4.0
1524,ed7e3856c9f2,3,2,4.0
1525,eda294658a0a,1,1,4.0
1526,edae2e5c9f10,2,1,4.0
1527,eea6c0c6130a,3,2,4.0
1528,eef5565a7e5a,1,1,4.0
1529,ef39b81a7917,3,2,4.0
1530,ef5523d50b5b,1,2,4.0
1531,ef7b43bcd2bf,2,2,4.0
1532,ef7f5d12b1ff,1,1,4.0
1533,f00ebb515a6e,2,2,4.0
1534,f027b0dfd2e9,4,2,4.0
1535,f06228af4f28,2,2,4.0
1536,f08458c9d007,4,2,4.0
1537,f08e624dbf3f,3,2,4.0
1538,f09c874f8ded,4,2,4.0
1539,f0c2afc5fb05,1,1,4.0
1540,f0cfdfc066fe,2,2,4.0
1541,f10a389fd4b0,1,2,4.0
1542,f10aa6c569ec,3,2,4.0
1543,f1599b2db68b,3,2,4.0
1544,f17c0bbf7b72,4,2,4.0
1545,f1af97caff9d,1,1,4.0
1546,f217dcd37517,1,2,4.0
1547,f21ab98d3572,1,1,4.0
1548,f24e15fe294b,1,1,4.0
1549,f265c69fc568,2,2,4.0
1550,f2a31831f412,2,1,4.0
1551,f2b3606e1b5d,4,2,4.0
1552,f34dfcdbd7c5,4,2,4.0
1553,f35fa6a4081c,2,2,4.0
1554,f38f2f72a1b7,2,1,4.0
1555,f3ad10bf1c9f,4,2,4.0
1556,f3e4a8d4c296,2,2,4.0
1557,f406fdba08f4,1,1,4.0
1558,f40804ea84e6,1,1,4.0
1559,f45a29109ff5,1,1,4.0
1560,f48f6580655c,1,1,4.0
1561,f49c86636e15,2,2,4.0
1562,f4b0c5cb8593,3,2,4.0
1563,f4c6166d1039,1,1,4.0
1564,f4d25e273134,2,2,4.0
1565,f4e45b48ccf6,3,2,4.0
1566,f4fc628c4249,3,2,4.0
1567,f5140e2c6baf,1,2,4.0
1568,f53f64d220e3,1,2,4.0
1569,f5712dbd32e2,4,2,4.0
1570,f592b552a1af,1,2,4.0
1571,f6113e4633cf,3,2,4.0
1572,f64540767eee,3,2,4.0
1573,f64eb576e78d,4,2,4.0
1574,f66cf535672b,4,2,4.0
1575,f6906101ee0e,1,2,4.0
1576,f69c378f6f4f,2,2,4.0
1577,f6afc2903670,1,1,4.0
1578,f6b0c55c34c7,1,1,4.0
1579,f6cec0d06534,3,2,4.0
1580,f6cfecc532a2,3,2,4.0
1581,f73b7aca41d4,2,1,4.0
1582,f7490ca2f56e,3,2,4.0
1583,f79533b4d460,3,2,4.0
1584,f7a77264f260,3,2,4.0
1585,f81fafbae0e6,4,2,4.0
1586,f86347534ec1,2,1,4.0
1587,f8ccdae187ba,4,2,4.0
1588,f8cff6556e61,1,2,4.0
1589,f993befe3cb4,1,2,4.0
1590,f9e8ec6eeb43,2,2,4.0
1591,f9faf12fc07b,1,2,4.0
1592,fa10ae8f9fec,1,2,4.0
1593,fa207406c405,2,2,4.0
1594,fa6a66f01888,1,2,4.0
1595,fa7c476fc50c,2,2,4.0
1596,faa10f94f96b,3,2,4.0
1597,faa3d92cfabf,3,2,4.0
1598,fab2054e45f5,1,2,4.0
1599,faba1bf818ae,1,1,4.0
1600,fad13db4adfa,3,2,4.0
1601,fb5faa60f9d0,2,2,4.0
1602,fb833bb39c55,1,2,4.0
1603,fbcc007f3f36,4,2,4.0
1604,fbd64e93f84d,4,2,4.0
1605,fbe4539bc60f,4,2,4.0
1606,fbe845f13c20,1,2,4.0
1607,fc0e6e06e2a2,3,2,4.0
1608,fc6def641612,1,1,4.0
1609,fc6ebbb4c854,2,2,4.0
1610,fc7f3e900a45,3,2,4.0
1611,fca17659d2c1,4,2,4.0
1612,fcbe5ce12d5f,1,2,4.0
1613,fcc9e5020998,3,2,4.0
1614,fce9ad75428d,1,2,4.0
1615,fd1a6972f9cd,4,2,4.0
1616,fd2437954fd8,1,1,4.0
1617,fd569e285d3d,4,2,4.0
1618,fd5d1ac0480c,2,2,4.0
1619,fd5ea6efbb88,2,2,4.0
1620,fda1fea47bf0,3,2,4.0
1621,fdc723893ce2,2,2,4.0
1622,fdd133458d88,3,2,4.0
1623,fe0a630dce92,2,2,4.0
1624,fe24576185c4,3,2,4.0
1625,fe248458ea89,1,1,4.0
1626,fe6130954eaa,4,2,4.0
1627,ff30f9fb86ac,2,2,4.0
1628,ff434af74304,4,2,4.0
1629,ff4897b3eda6,4,2,4.0
1630,ff66dec71c4c,3,2,4.0
1631,ff99cdef0f2a,4,2,4.0
1632,ffd3d193c71e,3,2,4.0
